{
  "sound": {
    "music": 0.505338078291815,
    "sfx": 0.5160142348754448,
    "muted": false
  }
}