{
  "sound": {
    "music": 0.3914590747330961,
    "sfx": 0.5266903914590747,
    "muted": false
  }
}