{
  "sound": {
    "music": 0.37722419928825623,
    "sfx": 0.5160142348754448,
    "muted": false
  }
}