{
  "sound": {
    "music": 0.505338078291815,
    "sfx": 0.5124555160142349,
    "muted": false
  }
}